person_id,company_id
P0,C1311
P0,C1818
P1,C1875
P1,C1460
P2,C1677
P3,C751
P3,C1510
P3,C1929
P4,C30
P5,C19
P5,C1676
P6,C1863
P7,C340
P7,C1182
P8,C903
P9,C1161
P10,C791
P11,C1998
P12,C939
P13,C836
P14,C1821
P15,C781
P16,C1557
P16,C685
P17,C688
P18,C1776
P18,C1670
P18,C1883
P19,C1488
P20,C1894
P21,C1907
P21,C1827
P21,C1780
P22,C876
P22,C317
P22,C1335
P23,C1976
P23,C1538
P24,C1047
P25,C1278
P26,C540
P27,C1045
P28,C744
P28,C906
P28,C802
P28,C904
P29,C1968
P30,C1344
P31,C732
P32,C321
P32,C1786
P33,C994
P34,C412
P34,C547
P34,C1964
P34,C1563
P35,C1802
P36,C457
P37,C1506
P37,C91
P38,C680
P39,C910
P40,C1829
P41,C9
P41,C1011
P41,C633
P42,C1774
P42,C459
P42,C1940
P42,C1214
P43,C1060
P44,C662
P44,C1684
P44,C1695
P44,C473
P45,C102
P46,C65
P47,C462
P47,C836
P48,C1728
P49,C1587
P50,C1778
P51,C1698
P52,C1046
P53,C620
P54,C1927
P54,C28
P54,C1934
P54,C1966
P55,C424
P56,C1630
P57,C185
P57,C1784
P58,C1907
P59,C207
P59,C549
P59,C467
P59,C1462
P59,C1951
P60,C333
P61,C1127
P61,C935
P61,C1901
P62,C58
P63,C18
P64,C989
P65,C1188
P65,C416
P66,C985
P67,C1325
P67,C1091
P68,C1275
P69,C447
P69,C1601
P70,C47
P71,C1043
P72,C1863
P73,C1050
P74,C1710
P74,C236
P75,C1925
P75,C1217
P75,C532
P75,C837
P76,C1076
P77,C381
P78,C235
P78,C582
P78,C1979
P79,C457
P80,C35
P80,C1148
P80,C967
P80,C984
P81,C1874
P82,C851
P83,C1760
P84,C528
P84,C1646
P85,C930
P86,C461
P86,C427
P86,C158
P86,C652
P87,C767
P88,C896
P89,C327
P89,C763
P90,C1418
P91,C43
P91,C1523
P92,C587
P92,C1667
P92,C1647
P93,C1686
P94,C542
P94,C817
P94,C1937
P94,C1251
P95,C906
P96,C1991
P96,C1797
P97,C1836
P98,C1130
P98,C1124
P99,C39
P99,C1707
P100,C371
P100,C1941
P101,C873
P102,C1212
P103,C1262
P104,C1608
P105,C1534
P106,C1828
P107,C252
P108,C1079
P109,C337
P110,C953
P110,C1724
P110,C1044
P110,C252
P111,C832
P112,C935
P113,C896
P114,C1068
P114,C1467
P115,C9
P115,C1590
P116,C684
P117,C1877
P118,C623
P118,C1254
P119,C647
P119,C627
P119,C835
P119,C160
P120,C1984
P121,C979
P121,C908
P121,C1118
P122,C1484
P123,C1127
P123,C648
P124,C232
P125,C1491
P125,C1004
P125,C1721
P126,C38
P127,C1359
P128,C1542
P128,C652
P128,C596
P129,C258
P130,C1767
P130,C452
P130,C1826
P131,C1565
P132,C1728
P132,C554
P133,C1591
P134,C1000
P134,C1435
P135,C1526
P135,C1084
P136,C756
P136,C703
P136,C971
P137,C283
P137,C570
P137,C230
P138,C174
P138,C1536
P139,C1977
P139,C1499
P139,C1874
P139,C1661
P139,C1703
P140,C1374
P141,C1486
P141,C339
P142,C1586
P143,C274
P143,C1100
P143,C1081
P144,C984
P144,C1603
P145,C1405
P145,C1025
P146,C409
P147,C1989
P148,C1298
P149,C1697
P150,C177
P151,C969
P152,C318
P153,C1642
P154,C487
P155,C1739
P156,C123
P157,C381
P158,C977
P158,C1077
P159,C838
P160,C1808
P160,C1566
P161,C1213
P162,C81
P163,C1073
P164,C707
P164,C1894
P165,C1206
P165,C1744
P166,C5
P167,C547
P168,C366
P169,C1771
P170,C1385
P171,C1909
P172,C1193
P173,C185
P174,C1012
P175,C1515
P176,C1994
P177,C59
P178,C1991
P179,C8
P180,C1470
P180,C1844
P181,C414
P181,C558
P182,C1609
P183,C646
P183,C1378
P183,C132
P184,C302
P185,C1089
P186,C91
P187,C779
P187,C1863
P188,C97
P189,C910
P189,C277
P190,C1592
P191,C1716
P192,C1221
P193,C639
P193,C987
P194,C925
P195,C1989
P196,C527
P196,C1064
P197,C574
P197,C436
P198,C1021
P198,C1436
P199,C1463
P199,C636
P199,C751
P200,C1235
P200,C345
P201,C1746
P201,C546
P202,C934
P202,C989
P203,C1395
P204,C1574
P205,C881
P205,C686
P206,C1551
P206,C24
P207,C723
P207,C892
P207,C1937
P208,C154
P208,C606
P209,C181
P209,C1118
P209,C1672
P210,C1514
P211,C215
P211,C1100
P212,C1594
P212,C803
P213,C106
P214,C1357
P214,C1025
P214,C345
P215,C1861
P216,C307
P216,C1746
P216,C1920
P216,C1554
P217,C997
P218,C328
P219,C1664
P220,C1296
P221,C680
P222,C392
P223,C580
P224,C1364
P224,C1642
P224,C854
P224,C960
P225,C547
P225,C1606
P226,C890
P227,C1975
P228,C58
P228,C1515
P228,C1405
P229,C807
P230,C1904
P231,C1323
P231,C847
P232,C1755
P233,C569
P234,C1597
P234,C714
P235,C683
P235,C1032
P235,C984
P236,C1113
P236,C1256
P236,C937
P236,C383
P237,C487
P237,C96
P237,C1164
P237,C404
P238,C1515
P238,C790
P239,C1063
P240,C781
P240,C1381
P241,C34
P241,C1472
P242,C982
P243,C1688
P244,C1490
P245,C551
P245,C251
P246,C155
P247,C566
P247,C1739
P247,C917
P247,C1594
P248,C1009
P249,C1503
P249,C620
P250,C694
P250,C1099
P250,C404
P251,C855
P251,C468
P252,C710
P253,C1550
P254,C1642
P255,C277
P255,C1995
P255,C1547
P256,C1309
P256,C1382
P257,C1996
P257,C1948
P257,C569
P258,C658
P258,C886
P259,C723
P260,C53
P260,C771
P260,C214
P261,C1480
P261,C1177
P262,C492
P262,C1790
P263,C1891
P263,C250
P264,C1958
P264,C629
P265,C713
P265,C1930
P265,C1169
P266,C1064
P267,C1210
P267,C817
P268,C206
P268,C1702
P269,C683
P270,C1704
P271,C1951
P272,C836
P273,C202
P273,C625
P274,C996
P275,C133
P275,C562
P276,C1120
P277,C1661
P277,C1201
P278,C696
P279,C363
P280,C1624
P281,C179
P282,C1875
P283,C1741
P283,C1270
P283,C537
P283,C874
P283,C638
P283,C1395
P284,C844
P285,C172
P285,C1064
P286,C1373
P287,C56
P288,C1512
P288,C313
P289,C1446
P290,C276
P291,C1200
P291,C831
P291,C146
P291,C1004
P292,C319
P292,C1297
P293,C1116
P294,C1609
P295,C1006
P295,C482
P295,C445
P295,C374
P295,C1943
P295,C48
P295,C1504
P295,C1316
P295,C780
P296,C259
P296,C695
P297,C170
P298,C1167
P298,C988
P299,C1063
P300,C1891
P301,C830
P301,C1075
P302,C470
P302,C878
P303,C1340
P304,C740
P305,C1742
P305,C159
P306,C19
P307,C505
P307,C1190
P307,C82
P308,C1059
P308,C1083
P309,C446
P310,C1388
P310,C1561
P311,C984
P311,C675
P312,C559
P312,C119
P312,C1259
P313,C535
P314,C572
P314,C732
P315,C1514
P316,C994
P316,C1759
P317,C1352
P318,C23
P319,C57
P319,C480
P319,C250
P320,C761
P320,C1488
P321,C293
P322,C655
P323,C1000
P324,C595
P324,C825
P324,C234
P324,C1487
P324,C847
P324,C1391
P324,C977
P324,C789
P325,C934
P325,C924
P326,C1211
P326,C867
P326,C1011
P326,C1526
P327,C1677
P327,C1444
P327,C375
P327,C121
P328,C770
P329,C979
P329,C669
P329,C1767
P329,C1221
P330,C49
P331,C1424
P332,C637
P333,C755
P333,C92
P333,C374
P334,C559
P335,C1713
P336,C1319
P337,C1919
P337,C73
P338,C806
P339,C1274
P339,C499
P340,C700
P340,C140
P341,C561
P342,C1594
P342,C1056
P343,C1807
P343,C1583
P344,C678
P345,C1806
P345,C332
P345,C1532
P345,C1306
P346,C374
P347,C568
P347,C32
P347,C114
P348,C802
P349,C1381
P350,C321
P350,C582
P350,C382
P350,C1026
P350,C655
P351,C705
P351,C1229
P352,C812
P353,C774
P354,C763
P355,C4
P355,C605
P355,C658
P355,C1189
P355,C934
P356,C1315
P356,C207
P357,C622
P358,C142
P358,C1265
P359,C181
P360,C1164
P360,C175
P361,C149
P362,C1844
P362,C1059
P362,C1010
P362,C1638
P363,C277
P364,C1535
P364,C1653
P364,C1429
P365,C375
P365,C276
P366,C1871
P367,C1331
P367,C787
P368,C912
P369,C917
P370,C37
P371,C1125
P372,C884
P372,C846
P372,C860
P373,C1743
P374,C1268
P374,C1123
P375,C39
P375,C1599
P376,C1206
P376,C1366
P376,C669
P376,C176
P377,C1610
P377,C505
P378,C1122
P379,C559
P380,C1154
P380,C199
P381,C326
P381,C1780
P381,C1838
P382,C620
P383,C1721
P383,C1846
P384,C70
P385,C1755
P386,C435
P387,C967
P388,C1761
P389,C1089
P390,C1109
P390,C478
P391,C561
P391,C308
P392,C778
P393,C241
P394,C1836
P395,C929
P396,C1089
P397,C477
P397,C267
P398,C1529
P398,C1480
P399,C1463
P399,C1898
P399,C117
P400,C1453
P400,C117
P400,C1045
P401,C376
P402,C1695
P402,C1771
P403,C1865
P403,C1021
P404,C816
P405,C222
P405,C408
P405,C1382
P405,C417
P406,C1362
P407,C1669
P408,C465
P409,C1219
P410,C1635
P411,C1384
P411,C1617
P412,C105
P412,C1785
P412,C1179
P412,C942
P413,C127
P414,C1866
P415,C60
P415,C462
P416,C104
P416,C1389
P417,C1798
P417,C1399
P417,C1492
P418,C1630
P418,C1301
P419,C1385
P420,C1330
P420,C479
P421,C125
P421,C1637
P421,C1625
P421,C45
P422,C802
P422,C1681
P422,C180
P422,C142
P423,C1926
P423,C45
P424,C618
P425,C1195
P426,C905
P427,C872
P427,C832
P427,C1702
P427,C1443
P428,C17
P428,C434
P429,C678
P429,C1569
P430,C860
P431,C1363
P431,C800
P432,C419
P433,C1363
P434,C1293
P435,C1074
P436,C887
P437,C278
P438,C413
P438,C143
P439,C1992
P440,C1905
P441,C1711
P441,C1014
P441,C1842
P441,C1682
P442,C277
P442,C95
P443,C1728
P443,C1218
P444,C1761
P445,C1831
P446,C1327
P447,C712
P447,C1111
P448,C757
P449,C384
P450,C546
P450,C846
P451,C1374
P452,C1429
P453,C539
P453,C1598
P453,C218
P454,C160
P454,C1839
P454,C835
P455,C1732
P455,C81
P456,C1809
P457,C1776
P458,C770
P459,C1461
P459,C225
P460,C1263
P461,C204
P462,C628
P462,C1639
P463,C810
P463,C167
P464,C1260
P464,C1000
P465,C333
P465,C1680
P465,C1719
P465,C1043
P465,C425
P465,C1089
P466,C1377
P467,C1671
P467,C779
P468,C849
P469,C191
P469,C1535
P470,C749
P471,C1800
P472,C840
P473,C905
P474,C113
P474,C548
P474,C426
P474,C754
P474,C1926
P475,C1350
P475,C1691
P475,C337
P476,C567
P476,C1043
P477,C374
P478,C152
P479,C1806
P480,C437
P480,C961
P481,C218
P482,C1489
P482,C222
P482,C669
P482,C1969
P483,C1482
P483,C1625
P484,C1246
P485,C790
P486,C1751
P487,C1182
P488,C1627
P489,C839
P489,C1898
P490,C423
P491,C1387
P492,C50
P493,C1909
P493,C971
P494,C832
P494,C309
P495,C1477
P495,C257
P495,C1510
P495,C1559
P495,C772
P496,C445
P497,C1807
P498,C1410
P499,C1349
P499,C1280
P499,C422
P499,C1673
P499,C1223
P500,C1723
P500,C1825
P501,C877
P502,C1362
P502,C1023
P503,C1252
P504,C1701
P505,C447
P506,C1889
P506,C1408
P506,C1506
P507,C1786
P507,C668
P508,C1936
P509,C449
P510,C686
P511,C1966
P512,C1080
P513,C922
P514,C147
P514,C226
P515,C191
P516,C56
P517,C41
P517,C1061
P517,C1880
P518,C193
P519,C494
P519,C1651
P519,C1548
P520,C382
P521,C1494
P522,C305
P522,C1286
P523,C1002
P523,C1952
P523,C1653
P523,C1634
P524,C1095
P524,C80
P525,C1616
P526,C1978
P527,C381
P527,C1391
P527,C660
P528,C184
P528,C1320
P529,C867
P529,C1522
P530,C822
P530,C1198
P531,C643
P532,C638
P532,C159
P533,C233
P533,C1770
P534,C297
P534,C802
P535,C984
P535,C251
P535,C1859
P536,C1580
P536,C1657
P537,C1889
P537,C1245
P537,C1775
P537,C862
P537,C922
P538,C290
P539,C1183
P540,C834
P541,C189
P542,C1547
P543,C614
P544,C1208
P545,C1572
P545,C1010
P546,C1874
P547,C1044
P548,C1546
P548,C634
P549,C698
P549,C1002
P550,C567
P551,C636
P552,C373
P552,C151
P552,C398
P552,C455
P553,C1467
P553,C933
P553,C1243
P554,C764
P555,C932
P556,C282
P556,C1060
P556,C1774
P556,C1191
P557,C1035
P558,C1437
P558,C1767
P559,C1527
P560,C497
P560,C691
P561,C984
P562,C1289
P562,C427
P562,C1096
P563,C440
P563,C309
P563,C531
P563,C1748
P564,C1026
P565,C1508
P565,C1496
P565,C1199
P566,C424
P567,C382
P568,C203
P569,C1670
P570,C613
P571,C314
P571,C1503
P571,C284
P571,C252
P572,C1425
P572,C606
P573,C265
P573,C1166
P574,C1303
P574,C1542
P575,C712
P575,C1981
P575,C184
P576,C1575
P576,C1620
P576,C1101
P577,C966
P577,C906
P578,C1885
P579,C1999
P580,C286
P580,C1169
P581,C1890
P581,C1534
P582,C720
P582,C542
P582,C741
P583,C791
P583,C612
P584,C1216
P585,C580
P586,C1463
P586,C1306
P587,C1601
P587,C1872
P588,C1070
P588,C1208
P589,C818
P590,C1843
P590,C1100
P591,C1006
P591,C1168
P591,C1047
P592,C1895
P592,C1787
P592,C689
P592,C62
P592,C1846
P592,C415
P593,C1596
P594,C651
P595,C1822
P595,C1425
P596,C188
P596,C15
P597,C1773
P597,C1422
P598,C1661
P599,C425
P599,C1157
P599,C1732
P600,C1022
P601,C223
P602,C1932
P603,C1755
P603,C116
P603,C1806
P604,C553
P605,C1302
P606,C695
P607,C1026
P608,C379
P609,C1345
P610,C846
P611,C1452
P612,C674
P613,C1782
P613,C1163
P614,C1961
P614,C1521
P614,C1685
P614,C1598
P614,C1003
P615,C496
P616,C796
P616,C1332
P616,C1224
P617,C105
P618,C1019
P618,C353
P619,C1225
P619,C878
P619,C735
P619,C159
P620,C1869
P621,C1073
P622,C1350
P622,C882
P622,C544
P623,C1615
P624,C364
P625,C268
P626,C384
P626,C989
P627,C933
P628,C176
P628,C1423
P628,C1487
P629,C1935
P629,C835
P630,C1645
P631,C1663
P632,C862
P632,C845
P633,C1814
P633,C1035
P633,C1230
P634,C1956
P634,C452
P635,C1702
P636,C1470
P637,C1991
P638,C1527
P638,C356
P639,C1430
P639,C1064
P639,C346
P639,C579
P640,C1562
P641,C1542
P642,C1091
P642,C24
P643,C1560
P643,C1715
P644,C622
P645,C381
P646,C362
P647,C962
P648,C684
P649,C1233
P649,C1037
P650,C283
P651,C102
P652,C8
P653,C657
P653,C223
P654,C1427
P655,C1994
P656,C149
P657,C1682
P658,C1992
P659,C1045
P660,C141
P661,C1636
P662,C1965
P663,C1756
P664,C383
P665,C1347
P666,C173
P666,C1527
P667,C1296
P667,C1064
P668,C624
P669,C1087
P670,C1769
P671,C1739
P671,C322
P672,C1278
P672,C1145
P673,C1667
P674,C350
P675,C1114
P675,C257
P675,C703
P675,C390
P675,C265
P675,C990
P676,C698
P677,C1697
P677,C1340
P677,C1959
P677,C1103
P678,C1419
P679,C1239
P679,C1158
P680,C37
P681,C522
P682,C228
P683,C1734
P683,C1758
P684,C876
P684,C564
P685,C1552
P686,C654
P687,C679
P688,C871
P688,C1285
P689,C1801
P690,C850
P690,C1627
P691,C451
P692,C1741
P693,C1471
P694,C1728
P694,C1165
P695,C1008
P695,C247
P695,C1005
P696,C1053
P696,C523
P696,C1652
P696,C811
P696,C1061
P697,C1261
P698,C39
P698,C367
P699,C894
P700,C754
P701,C1550
P702,C1117
P703,C1622
P703,C896
P703,C1378
P703,C30
P704,C1456
P705,C194
P705,C200
P706,C1841
P707,C1775
P708,C32
P709,C1331
P709,C484
P710,C1450
P711,C304
P711,C748
P711,C578
P711,C1802
P712,C586
P713,C446
P714,C1822
P715,C1763
P716,C1988
P716,C313
P716,C1294
P716,C1881
P716,C1463
P717,C64
P718,C1246
P719,C774
P719,C530
P719,C730
P720,C1981
P721,C352
P721,C1764
P721,C177
P722,C1616
P722,C1465
P723,C529
P723,C506
P723,C1851
P724,C541
P725,C449
P726,C457
P726,C1838
P726,C51
P726,C972
P727,C1162
P727,C958
P727,C361
P728,C1569
P729,C978
P729,C728
P730,C1237
P730,C1830
P731,C1937
P732,C1230
P733,C712
P734,C396
P735,C615
P735,C1337
P735,C42
P736,C1846
P737,C1948
P738,C765
P738,C1241
P739,C1876
P740,C1938
P741,C1556
P742,C178
P742,C67
P743,C597
P743,C1785
P744,C777
P745,C1199
P746,C1623
P746,C1883
P746,C1849
P746,C405
P746,C585
P747,C510
P748,C1373
P749,C604
P750,C1759
P750,C1379
P751,C314
P751,C1334
P752,C294
P753,C464
P754,C1016
P754,C1162
P755,C569
P755,C1043
P755,C169
P756,C1706
P757,C669
P758,C1005
P758,C266
P758,C1996
P759,C1220
P760,C792
P761,C887
P761,C413
P761,C1048
P762,C124
P762,C386
P762,C382
P762,C1060
P763,C302
P763,C1791
P764,C1004
P765,C806
P766,C1584
P766,C548
P767,C1154
P767,C1148
P767,C1845
P768,C1303
P769,C638
P769,C378
P770,C1391
P771,C600
P771,C1451
P771,C964
P772,C276
P772,C694
P773,C1372
P773,C1831
P774,C1596
P774,C1862
P774,C114
P775,C218
P776,C1376
P777,C1988
P778,C1799
P779,C1402
P780,C32
P781,C20
P781,C477
P781,C1609
P781,C1130
P781,C1845
P781,C1822
P782,C1047
P782,C1110
P783,C1312
P783,C775
P783,C1578
P783,C752
P783,C657
P784,C1528
P785,C1114
P785,C740
P785,C1155
P785,C50
P786,C186
P786,C792
P786,C571
P787,C193
P787,C1656
P788,C814
P789,C1859
P790,C1053
P790,C773
P790,C1128
P791,C1912
P791,C302
P791,C98
P791,C1347
P791,C348
P791,C594
P792,C1134
P793,C568
P794,C1375
P795,C1336
P795,C889
P796,C839
P797,C49
P798,C1235
P798,C1625
P798,C283
P798,C1415
P799,C294
P800,C1973
P800,C143
P800,C1264
P801,C851
P802,C1772
P803,C601
P804,C339
P804,C1189
P804,C709
P804,C920
P805,C627
P805,C1538
P806,C1550
P807,C1675
P807,C207
P808,C218
P809,C40
P809,C1335
P809,C1447
P810,C1252
P811,C178
P811,C531
P812,C1941
P812,C260
P813,C1887
P814,C1318
P815,C128
P816,C29
P817,C599
P818,C636
P819,C352
P819,C919
P819,C1264
P819,C1413
P819,C81
P819,C1704
P820,C963
P821,C530
P821,C1317
P821,C409
P821,C642
P821,C1322
P821,C1505
P821,C837
P822,C1389
P823,C1021
P823,C464
P824,C1613
P824,C1623
P824,C1161
P825,C341
P826,C605
P826,C795
P826,C1081
P826,C1473
P827,C1078
P828,C817
P829,C1256
P829,C61
P830,C1589
P831,C1072
P832,C715
P833,C1945
P834,C541
P834,C767
P834,C586
P834,C1166
P835,C1133
P835,C901
P836,C521
P837,C1882
P837,C1024
P838,C1422
P839,C639
P840,C516
P840,C1494
P841,C1611
P842,C625
P843,C447
P844,C767
P845,C260
P846,C595
P846,C1831
P847,C588
P848,C237
P849,C1055
P849,C1476
P850,C1896
P850,C1576
P850,C1267
P851,C178
P852,C60
P852,C775
P853,C1649
P854,C1981
P854,C447
P855,C1898
P855,C1771
P856,C1261
P856,C1890
P856,C1200
P856,C998
P857,C1100
P857,C831
P858,C1834
P859,C1413
P860,C1343
P860,C648
P861,C1721
P862,C848
P863,C112
P864,C115
P865,C622
P865,C1882
P865,C476
P866,C1572
P867,C924
P868,C827
P869,C148
P869,C1863
P870,C429
P870,C1736
P870,C816
P870,C1901
P871,C874
P871,C792
P872,C1890
P873,C1594
P873,C1786
P874,C419
P875,C644
P876,C422
P876,C1095
P877,C1101
P878,C17
P879,C1907
P880,C1653
P881,C495
P882,C931
P882,C1434
P883,C1738
P883,C1964
P884,C309
P884,C1097
P885,C1115
P885,C1281
P886,C1024
P886,C480
P886,C1977
P886,C1146
P886,C921
P886,C766
P887,C141
P888,C351
P889,C744
P890,C1746
P891,C700
P891,C954
P891,C1276
P891,C623
P892,C930
P892,C1302
P892,C1416
P893,C1304
P894,C314
P894,C1835
P894,C1906
P894,C30
P895,C1902
P895,C168
P895,C872
P896,C1441
P896,C22
P897,C725
P897,C26
P897,C574
P897,C116
P898,C1703
P899,C1450
P900,C930
P900,C1817
P901,C1578
P901,C636
P901,C1846
P902,C579
P902,C1848
P903,C291
P903,C1247
P903,C447
P903,C1148
P904,C168
P905,C1479
P905,C958
P905,C451
P905,C1231
P905,C228
P906,C1517
P906,C1667
P906,C1678
P906,C171
P907,C625
P908,C122
P909,C182
P909,C402
P909,C1861
P910,C195
P910,C449
P911,C151
P911,C1745
P911,C745
P912,C60
P913,C1848
P913,C667
P914,C1416
P915,C33
P916,C321
P916,C1303
P917,C301
P917,C80
P917,C1626
P917,C559
P918,C1573
P918,C854
P918,C1203
P919,C1653
P920,C285
P921,C345
P922,C677
P923,C1503
P924,C1085
P924,C1971
P925,C1629
P926,C1272
P927,C312
P928,C357
P929,C812
P930,C1021
P931,C482
P932,C1486
P933,C1326
P934,C1179
P935,C1463
P936,C1487
P937,C98
P937,C1377
P937,C478
P937,C1065
P937,C1824
P937,C1336
P937,C754
P938,C127
P939,C234
P940,C1764
P940,C631
P941,C1778
P942,C1329
P943,C81
P944,C38
P945,C469
P945,C1653
P946,C395
P946,C191
P947,C1366
P948,C1712
P948,C1070
P948,C967
P949,C1578
P950,C0
P951,C1378
P952,C1348
P953,C440
P954,C619
P955,C1601
P955,C619
P955,C458
P956,C1928
P956,C1111
P956,C1665
P956,C138
P956,C615
P956,C419
P957,C529
P958,C1182
P959,C1886
P959,C943
P960,C1256
P960,C112
P961,C765
P961,C626
P961,C1795
P961,C1609
P961,C1389
P961,C928
P961,C980
P962,C318
P963,C101
P964,C1423
P965,C1380
P966,C1405
P966,C1395
P966,C295
P967,C357
P967,C1265
P967,C1733
P967,C655
P968,C168
P969,C1194
P969,C110
P969,C324
P969,C1490
P969,C136
P970,C1362
P970,C310
P970,C1027
P970,C1154
P971,C1447
P972,C1075
P972,C1671
P973,C844
P974,C1947
P975,C758
P976,C1016
P977,C336
P978,C1758
P979,C243
P979,C522
P980,C604
P981,C501
P982,C1997
P983,C1027
P984,C1173
P984,C1799
P984,C1181
P985,C411
P986,C723
P987,C1395
P988,C1635
P989,C719
P990,C1976
P991,C1071
P991,C1104
P991,C796
P992,C986
P992,C872
P992,C1705
P992,C145
P992,C529
P993,C1413
P993,C1409
P994,C62
P995,C1892
P996,C752
P996,C15
P996,C1819
P997,C1387
P998,C1099
P998,C1933
P999,C585
P1000,C1240
P1001,C1543
P1001,C1162
P1001,C345
P1002,C991
P1002,C1229
P1003,C740
P1004,C878
P1004,C222
P1005,C1241
P1005,C622
P1005,C590
P1005,C1103
P1006,C934
P1007,C211
P1007,C635
P1007,C1400
P1007,C1772
P1007,C1038
P1008,C1674
P1008,C1078
P1008,C170
P1009,C1328
P1009,C899
P1010,C127
P1011,C542
P1012,C804
P1012,C1128
P1013,C731
P1014,C1995
P1015,C1882
P1016,C1122
P1016,C815
P1017,C1057
P1017,C1894
P1018,C1723
P1018,C1474
P1019,C517
P1020,C1607
P1021,C614
P1021,C1892
P1022,C193
P1022,C422
P1022,C1561
P1022,C1505
P1023,C1543
P1023,C1603
P1023,C1022
P1024,C440
P1025,C1563
P1026,C978
P1027,C1895
P1028,C1763
P1029,C1946
P1029,C1588
P1029,C1940
P1030,C1720
P1031,C935
P1032,C1349
P1033,C1974
P1033,C1321
P1034,C54
P1034,C1341
P1035,C1044
P1035,C351
P1036,C148
P1036,C1690
P1037,C1323
P1037,C867
P1037,C786
P1038,C1449
P1039,C983
P1040,C1724
P1041,C1588
P1042,C731
P1042,C1862
P1042,C1706
P1043,C1467
P1043,C1426
P1044,C502
P1044,C265
P1045,C1928
P1045,C1912
P1045,C1225
P1045,C112
P1046,C225
P1046,C971
P1047,C826
P1047,C1715
P1047,C498
P1048,C649
P1048,C19
P1049,C425
P1050,C654
P1051,C1492
P1052,C1733
P1053,C559
P1053,C1875
P1054,C1758
P1055,C1270
P1056,C1430
P1056,C138
P1057,C491
P1057,C1308
P1058,C177
P1059,C20
P1059,C1166
P1060,C1093
P1061,C627
P1061,C1773
P1061,C672
P1061,C773
P1062,C1235
P1063,C1165
P1064,C1218
P1064,C1939
P1064,C1149
P1064,C1148
P1065,C973
P1066,C1271
P1066,C466
P1066,C1842
P1067,C1055
P1067,C795
P1067,C1001
P1068,C864
P1068,C1665
P1069,C996
P1070,C211
P1071,C525
P1071,C453
P1072,C753
P1073,C516
P1073,C325
P1074,C350
P1074,C270
P1075,C758
P1076,C1581
P1076,C1445
P1077,C818
P1078,C1954
P1079,C533
P1080,C1162
P1081,C1000
P1081,C438
P1082,C1306
P1083,C306
P1083,C873
P1084,C842
P1084,C1527
P1085,C934
P1085,C1926
P1085,C1103
P1086,C1494
P1087,C460
P1088,C1833
P1088,C1070
P1089,C636
P1089,C1378
P1089,C1983
P1090,C1925
P1091,C1328
P1092,C1970
P1092,C1566
P1092,C1669
P1093,C1314
P1094,C1229
P1095,C422
P1095,C1076
P1096,C270
P1096,C1224
P1097,C575
P1097,C1569
P1098,C1728
P1099,C205
P1099,C788
P1100,C164
P1100,C355
P1101,C584
P1102,C212
P1103,C1506
P1104,C639
P1105,C793
P1106,C1400
P1106,C422
P1106,C1964
P1106,C22
P1107,C96
P1107,C1426
P1108,C585
P1108,C932
P1109,C309
P1109,C1941
P1109,C1598
P1110,C1831
P1111,C1907
P1111,C50
P1112,C559
P1112,C1058
P1112,C1989
P1113,C972
P1114,C422
P1115,C933
P1115,C1630
P1116,C1513
P1116,C1860
P1116,C127
P1116,C1755
P1116,C982
P1117,C817
P1118,C1405
P1118,C1974
P1118,C1160
P1119,C1302
P1119,C93
P1119,C1427
P1119,C1555
P1120,C463
P1121,C668
P1121,C1635
P1122,C1018
P1122,C1760
P1123,C1348
P1123,C1159
P1123,C284
P1123,C1523
P1124,C1914
P1124,C1121
P1124,C993
P1125,C170
P1125,C1844
P1125,C1595
P1126,C712
P1127,C920
P1127,C1547
P1128,C1584
P1129,C1661
P1130,C890
P1130,C848
P1130,C845
P1131,C322
P1132,C1734
P1133,C246
P1134,C1359
P1134,C704
P1134,C1764
P1135,C1597
P1136,C694
P1137,C648
P1138,C652
P1139,C1963
P1140,C430
P1140,C314
P1141,C119
P1142,C340
P1143,C591
P1144,C94
P1144,C1238
P1145,C626
P1145,C1990
P1146,C1587
P1147,C1241
P1148,C1325
P1149,C213
P1150,C1748
P1150,C147
P1150,C1746
P1150,C631
P1150,C711
P1151,C581
P1151,C1507
P1151,C1561
P1151,C1545
P1152,C192
P1152,C103
P1153,C682
P1153,C1886
P1154,C87
P1154,C1384
P1155,C1605
P1156,C1107
P1156,C293
P1156,C1545
P1156,C643
P1156,C1856
P1157,C971
P1158,C1401
P1158,C1402
P1158,C1665
P1158,C196
P1158,C1472
P1158,C947
P1159,C1843
P1160,C215
P1161,C1195
P1162,C530
P1163,C104
P1164,C1261
P1165,C1065
P1166,C1645
P1167,C706
P1167,C1211
P1168,C1082
P1168,C568
P1169,C1913
P1169,C884
P1170,C180
P1171,C868
P1172,C787
P1173,C297
P1173,C1113
P1173,C578
P1173,C1102
P1173,C432
P1173,C442
P1173,C286
P1173,C803
P1174,C332
P1174,C1203
P1174,C1948
P1175,C606
P1176,C1119
P1177,C560
P1177,C1845
P1178,C1087
P1179,C1674
P1179,C1078
P1180,C1285
P1181,C815
P1182,C368
P1183,C1571
P1184,C25
P1185,C941
P1186,C1413
P1186,C1211
P1187,C1013
P1188,C1498
P1188,C532
P1189,C1783
P1190,C796
P1191,C294
P1191,C1585
P1192,C740
P1192,C531
P1192,C1940
P1193,C147
P1194,C1911
P1195,C697
P1196,C170
P1197,C1951
P1198,C1442
P1198,C1883
P1199,C960
P1200,C1323
P1201,C860
P1201,C1192
P1201,C8
P1202,C769
P1202,C1329
P1203,C1519
P1203,C502
P1204,C1161
P1205,C992
P1205,C548
P1205,C901
P1205,C1302
P1205,C56
P1206,C1336
P1207,C549
P1207,C930
P1207,C1826
P1208,C1707
P1208,C298
P1209,C1391
P1209,C929
P1210,C308
P1210,C1108
P1211,C210
P1212,C1355
P1213,C581
P1214,C881
P1215,C1848
P1215,C1346
P1215,C717
P1215,C507
P1216,C1292
P1216,C230
P1217,C408
P1218,C1541
P1219,C1273
P1220,C104
P1221,C818
P1222,C1457
P1222,C991
P1223,C1441
P1223,C366
P1224,C1056
P1225,C413
P1226,C41
P1226,C111
P1226,C1101
P1227,C179
P1228,C1846
P1229,C1391
P1230,C1595
P1231,C276
P1232,C1824
P1233,C74
P1233,C1445
P1234,C1914
P1235,C262
P1235,C732
P1236,C580
P1236,C399
P1236,C1753
P1237,C878
P1237,C849
P1237,C694
P1237,C720
P1238,C1723
P1239,C1002
P1240,C1879
P1240,C385
P1240,C1910
P1241,C1459
P1241,C627
P1241,C532
P1241,C219
P1242,C1821
P1243,C260
P1244,C345
P1245,C871
P1245,C541
P1246,C1424
P1247,C673
P1248,C523
P1248,C566
P1249,C1994
P1250,C907
P1251,C1972
P1251,C1977
P1251,C982
P1251,C1400
P1252,C1579
P1253,C1035
P1253,C934
P1253,C617
P1253,C643
P1253,C116
P1253,C668
P1253,C965
P1254,C985
P1255,C1286
P1256,C400
P1257,C1099
P1258,C398
P1259,C271
P1259,C819
P1259,C942
P1259,C1495
P1259,C559
P1260,C1885
P1261,C405
P1262,C1329
P1263,C963
P1264,C181
P1265,C1890
P1266,C1179
P1266,C1460
P1266,C460
P1266,C220
P1267,C1301
P1268,C1825
P1268,C187
P1269,C721
P1270,C73
P1270,C1288
P1271,C635
P1272,C1728
P1273,C598
P1273,C233
P1274,C1751
P1275,C566
P1275,C1176
P1276,C1172
P1277,C212
P1277,C271
P1277,C1842
P1277,C1211
P1277,C485
P1277,C785
P1277,C100
P1277,C546
P1278,C329
P1278,C1822
P1278,C1149
P1278,C1479
P1278,C595
P1279,C1086
P1280,C143
P1281,C287
P1281,C1354
P1281,C1778
P1281,C1515
P1281,C1476
P1281,C1113
P1282,C1252
P1283,C940
P1283,C877
P1284,C1314
P1285,C182
P1286,C849
P1286,C1743
P1287,C1412
P1287,C1354
P1287,C15
P1288,C1807
P1289,C1676
P1289,C1507
P1290,C1948
P1291,C1422
P1291,C711
P1291,C1561
P1292,C338
P1292,C1716
P1293,C1675
P1294,C445
P1295,C1197
P1295,C1722
P1296,C1239
P1296,C263
P1297,C685
P1298,C1917
P1298,C1990
P1299,C185
P1300,C1170
P1301,C1341
P1302,C1354
P1302,C1743
P1303,C304
P1303,C307
P1303,C620
P1304,C1007
P1304,C1195
P1304,C1807
P1304,C1699
P1304,C354
P1305,C1417
P1306,C1916
P1307,C1915
P1308,C678
P1309,C1066
P1309,C647
P1309,C1037
P1309,C1962
P1310,C401
P1310,C226
P1310,C987
P1310,C195
P1310,C1067
P1311,C1140
P1312,C1785
P1313,C379
P1314,C1874
P1314,C996
P1314,C1768
P1314,C1251
P1315,C1149
P1316,C1845
P1316,C378
P1317,C1060
P1317,C837
P1317,C116
P1317,C1119
P1317,C413
P1317,C566
P1318,C314
P1319,C1730
P1320,C1355
P1321,C1576
P1321,C1415
P1322,C1227
P1323,C1063
P1323,C930
P1323,C242
P1323,C1039
P1323,C1458
P1323,C1746
P1323,C1654
P1323,C864
P1323,C976
P1324,C970
P1325,C253
P1325,C576
P1326,C1516
P1327,C235
P1327,C705
P1327,C204
P1328,C706
P1328,C1646
P1329,C1845
P1329,C455
P1330,C766
P1330,C1132
P1331,C946
P1332,C1156
P1332,C1443
P1332,C754
P1333,C1875
P1333,C1865
P1334,C1126
P1335,C1824
P1336,C1466
P1337,C203
P1337,C1633
P1338,C1688
P1338,C396
P1338,C195
P1338,C865
P1339,C1457
P1339,C1987
P1339,C476
P1340,C16
P1340,C1748
P1340,C1745
P1341,C160
P1341,C1573
P1341,C1575
P1342,C1334
P1343,C1408
P1343,C1106
P1343,C1562
P1344,C97
P1345,C1379
P1346,C1241
P1347,C655
P1348,C1727
P1348,C1738
P1348,C801
P1349,C1073
P1350,C1703
P1351,C953
P1351,C697
P1351,C1588
P1352,C115
P1352,C1094
P1352,C304
P1352,C73
P1352,C1240
P1353,C1788
P1353,C788
P1353,C1732
P1354,C265
P1354,C1338
P1355,C171
P1356,C151
P1357,C1392
P1357,C1945
P1358,C366
P1358,C266
P1359,C169
P1360,C1605
P1361,C324
P1361,C241
P1362,C402
P1362,C463
P1363,C1143
P1364,C1420
P1364,C101
P1365,C673
P1366,C937
P1367,C1775
P1368,C1787
P1368,C1394
P1368,C1064
P1368,C516
P1368,C900
P1369,C1052
P1370,C497
P1370,C1264
P1371,C466
P1372,C885
P1373,C437
P1374,C1036
P1374,C1366
P1374,C606
P1375,C1186
P1376,C310
P1376,C1405
P1377,C1467
P1378,C1666
P1379,C73
P1380,C25
P1381,C209
P1382,C706
P1383,C1520
P1384,C1911
P1385,C1060
P1386,C8
P1386,C994
P1387,C1476
P1387,C1824
P1387,C1238
P1388,C437
P1389,C393
P1389,C550
P1390,C1496
P1390,C45
P1390,C218
P1390,C150
P1391,C424
P1392,C1335
P1393,C1211
P1394,C134
P1395,C1302
P1395,C161
P1396,C1655
P1396,C572
P1397,C1713
P1397,C152
P1398,C454
P1398,C169
P1399,C635
P1400,C542
P1400,C346
P1401,C1076
P1402,C157
P1403,C703
P1404,C488
P1404,C683
P1405,C177
P1405,C781
P1406,C687
P1406,C1371
P1406,C297
P1407,C214
P1408,C17
P1409,C870
P1409,C1056
P1410,C1336
P1411,C683
P1412,C1396
P1412,C1286
P1412,C134
P1413,C910
P1413,C1856
P1414,C1135
P1415,C365
P1416,C226
P1416,C894
P1417,C963
P1418,C96
P1418,C1629
P1419,C1214
P1419,C724
P1419,C190
P1420,C535
P1421,C140
P1421,C1905
P1421,C1890
P1422,C488
P1423,C800
P1424,C497
P1425,C1448
P1426,C1858
P1427,C24
P1427,C1605
P1428,C124
P1429,C910
P1430,C356
P1431,C1156
P1432,C193
P1433,C726
P1433,C369
P1433,C1167
P1433,C490
P1434,C672
P1434,C454
P1435,C780
P1436,C383
P1436,C1121
P1437,C1007
P1438,C1423
P1438,C681
P1439,C278
P1439,C575
P1440,C1086
P1440,C1774
P1440,C1207
P1440,C321
P1441,C1094
P1441,C697
P1441,C1035
P1442,C1672
P1443,C1147
P1443,C877
P1444,C765
P1444,C1562
P1445,C1
P1446,C693
P1446,C744
P1447,C588
P1448,C573
P1449,C108
P1450,C841
P1450,C510
P1450,C485
P1451,C1703
P1451,C559
P1451,C1690
P1452,C264
P1453,C1916
P1453,C1205
P1454,C85
P1454,C249
P1455,C1202
P1455,C1692
P1455,C226
P1455,C454
P1455,C1041
P1455,C1595
P1455,C1371
P1456,C1609
P1456,C444
P1457,C517
P1458,C1478
P1458,C1744
P1459,C1175
P1459,C320
P1459,C986
P1460,C543
P1460,C269
P1461,C247
P1462,C1684
P1463,C372
P1464,C1360
P1465,C1059
P1465,C1392
P1466,C616
P1466,C1170
P1466,C1910
P1467,C1013
P1467,C1183
P1467,C824
P1468,C1167
P1469,C835
P1469,C1903
P1469,C1488
P1470,C213
P1470,C1525
P1470,C1340
P1471,C1260
P1472,C942
P1472,C1826
P1473,C914
P1473,C1807
P1473,C1556
P1473,C233
P1474,C458
P1475,C1851
P1475,C694
P1476,C1499
P1477,C1053
P1477,C898
P1477,C880
P1478,C1639
P1478,C1788
P1479,C1143
P1479,C317
P1480,C1291
P1481,C1783
P1481,C444
P1481,C696
P1481,C1835
P1481,C254
P1482,C986
P1483,C1942
P1483,C912
P1483,C1224
P1484,C1970
P1485,C396
P1485,C1552
P1485,C709
P1486,C1412
P1487,C98
P1488,C586
P1489,C362
P1490,C596
P1490,C272
P1491,C687
P1492,C1672
P1492,C1958
P1493,C919
P1494,C333
P1495,C1426
P1495,C422
P1495,C275
P1496,C734
P1496,C1090
P1496,C404
P1496,C173
P1497,C240
P1498,C1296
P1499,C355
P1500,C1702
P1500,C434
P1500,C1335
P1500,C507
P1500,C1636
P1501,C1097
P1501,C1728
P1501,C350
P1501,C301
P1501,C1580
P1501,C810
P1501,C864
P1501,C1072
P1501,C1739
P1501,C169
P1501,C606
P1502,C806
P1503,C1558
P1504,C1027
P1505,C504
P1506,C1845
P1506,C993
P1506,C112
P1507,C128
P1508,C143
P1508,C375
P1508,C16
P1508,C156
P1508,C1595
P1509,C867
P1509,C525
P1509,C1211
P1509,C1149
P1509,C288
P1510,C1586
P1511,C1432
P1511,C1142
P1511,C688
P1511,C892
P1511,C252
P1512,C848
P1512,C22
P1513,C1814
P1514,C1959
P1515,C1815
P1515,C1886
P1516,C333
P1516,C1142
P1516,C380
P1516,C1812
P1516,C1915
P1517,C31
P1517,C1910
P1518,C172
P1519,C230
P1520,C610
P1521,C236
P1522,C1646
P1523,C1070
P1523,C1120
P1524,C81
P1524,C1837
P1525,C540
P1526,C526
P1527,C846
P1527,C193
P1528,C1043
P1529,C337
P1530,C1427
P1531,C1241
P1531,C484
P1532,C1578
P1532,C1757
P1532,C797
P1533,C1244
P1534,C1196
P1535,C1350
P1535,C848
P1536,C923
P1537,C1843
P1538,C23
P1539,C680
P1540,C632
P1541,C1734
P1541,C1782
P1541,C115
P1542,C1660
P1543,C337
P1543,C1924
P1544,C1900
P1544,C459
P1545,C1906
P1545,C1326
P1546,C1167
P1547,C945
P1547,C1119
P1548,C1341
P1549,C1208
P1550,C1578
P1551,C1888
P1552,C162
P1552,C412
P1553,C817
P1553,C1512
P1554,C851
P1554,C1101
P1555,C533
P1555,C1923
P1555,C42
P1555,C1271
P1555,C820
P1556,C436
P1557,C1611
P1558,C104
P1558,C1149
P1559,C1145
P1560,C1377
P1560,C1188
P1561,C743
P1561,C1183
P1561,C1613
P1562,C574
P1562,C1609
P1562,C1432
P1562,C1865
P1562,C384
P1563,C1205
P1564,C1428
P1564,C1012
P1564,C693
P1565,C461
P1566,C346
P1566,C252
P1566,C1572
P1567,C1898
P1567,C729
P1567,C690
P1567,C1848
P1567,C889
P1568,C1257
P1569,C771
P1570,C352
P1570,C1253
P1571,C1793
P1571,C640
P1571,C481
P1572,C1936
P1573,C167
P1574,C1578
P1575,C1326
P1576,C1453
P1576,C399
P1577,C96
P1578,C157
P1578,C1552
P1579,C1949
P1580,C1217
P1581,C915
P1581,C1183
P1582,C14
P1582,C1171
P1583,C1095
P1584,C931
P1584,C36
P1584,C606
P1584,C720
P1584,C508
P1584,C1736
P1585,C969
P1586,C1119
P1587,C1293
P1588,C1623
P1589,C902
P1589,C1800
P1590,C1441
P1591,C835
P1592,C727
P1593,C418
P1594,C215
P1595,C1326
P1596,C1700
P1596,C1462
P1597,C227
P1597,C1701
P1597,C676
P1597,C1887
P1597,C1926
P1598,C1288
P1598,C232
P1598,C1756
P1599,C297
P1600,C1781
P1601,C1350
P1602,C1708
P1603,C1905
P1603,C955
P1604,C1768
P1604,C1043
P1604,C701
P1605,C755
P1606,C18
P1607,C362
P1608,C1014
P1609,C1445
P1610,C44
P1610,C348
P1610,C960
P1611,C247
P1612,C398
P1613,C595
P1614,C476
P1614,C1444
P1615,C1204
P1616,C1943
P1616,C1277
P1616,C965
P1617,C209
P1618,C1027
P1619,C641
P1620,C229
P1621,C1583
P1622,C7
P1622,C1587
P1623,C1411
P1623,C960
P1623,C1449
P1624,C488
P1625,C267
P1626,C1469
P1626,C905
P1626,C1939
P1626,C766
P1627,C1653
P1627,C1298
P1628,C771
P1629,C1648
P1629,C407
P1629,C982
P1630,C1226
P1630,C452
P1631,C377
P1631,C608
P1632,C1861
P1632,C936
P1632,C175
P1633,C39
P1634,C1983
P1634,C1550
P1634,C1069
P1634,C186
P1634,C574
P1635,C880
P1636,C1983
P1636,C1417
P1637,C1290
P1638,C1908
P1639,C20
P1639,C1066
P1640,C410
P1641,C578
P1642,C337
P1643,C617
P1643,C831
P1644,C1615
P1645,C1255
P1646,C1811
P1646,C794
P1646,C1320
P1646,C618
P1647,C1446
P1648,C1400
P1649,C196
P1649,C1604
P1649,C1701
P1650,C1900
P1651,C1271
P1651,C600
P1651,C1105
P1652,C1484
P1652,C1693
P1652,C1352
P1653,C96
P1653,C1237
P1654,C419
P1654,C901
P1655,C293
P1655,C1106
P1655,C59
P1655,C1994
P1655,C1400
P1656,C1872
P1656,C757
P1656,C517
P1656,C1512
P1657,C728
P1657,C1802
P1658,C1343
P1659,C299
P1659,C236
P1660,C638
P1660,C233
P1661,C1768
P1662,C1595
P1663,C1784
P1663,C238
P1663,C1063
P1664,C1178
P1664,C222
P1665,C1820
P1666,C870
P1667,C1456
P1668,C1160
P1668,C1617
P1669,C129
P1669,C394
P1670,C831
P1670,C1297
P1671,C1381
P1672,C89
P1672,C1702
P1673,C1551
P1674,C651
P1675,C299
P1675,C15
P1676,C600
P1677,C1118
P1677,C97
P1678,C1122
P1679,C1080
P1680,C179
P1681,C1532
P1682,C421
P1683,C74
P1684,C617
P1685,C1345
P1686,C848
P1687,C1625
P1687,C1503
P1687,C1381
P1687,C756
P1687,C181
P1687,C888
P1687,C1886
P1687,C274
P1687,C1792
P1688,C1601
P1688,C1343
P1688,C334
P1689,C1409
P1689,C339
P1690,C1859
P1691,C147
P1691,C1978
P1692,C1832
P1692,C578
P1692,C156
P1692,C1333
P1692,C891
P1692,C408
P1693,C949
P1694,C212
P1694,C868
P1694,C51
P1695,C273
P1696,C1322
P1697,C413
P1698,C1936
P1699,C285
P1700,C1569
P1700,C604
P1700,C1784
P1701,C1389
P1701,C372
P1702,C524
P1703,C1816
P1703,C242
P1703,C729
P1703,C686
P1703,C293
P1704,C603
P1705,C1863
P1705,C837
P1705,C358
P1706,C1002
P1707,C1066
P1708,C1034
P1709,C1013
P1710,C1627
P1711,C1535
P1712,C10
P1713,C313
P1714,C138
P1715,C67
P1716,C19
P1717,C206
P1718,C875
P1719,C1727
P1720,C957
P1721,C241
P1722,C574
P1722,C631
P1723,C973
P1723,C1150
P1724,C1241
P1724,C715
P1725,C1508
P1726,C128
P1726,C909
P1727,C552
P1728,C413
P1728,C157
P1729,C1615
P1730,C945
P1731,C1809
P1731,C1271
P1732,C372
P1733,C1858
P1734,C823
P1734,C960
P1735,C1804
P1735,C973
P1736,C1741
P1736,C1873
P1736,C605
P1736,C657
P1737,C955
P1738,C371
P1738,C266
P1738,C388
P1739,C1041
P1740,C1365
P1741,C860
P1742,C1224
P1743,C1511
P1743,C425
P1744,C401
P1744,C724
P1745,C1838
P1746,C1882
P1746,C1517
P1746,C1274
P1746,C502
P1746,C1975
P1747,C575
P1747,C1937
P1747,C1218
P1748,C1182
P1748,C835
P1749,C1806
P1749,C1016
P1749,C1672
P1750,C762
P1750,C1284
P1751,C109
P1751,C1804
P1752,C1054
P1752,C1335
P1753,C1783
P1754,C1689
P1755,C296
P1756,C163
P1757,C832
P1758,C103
P1759,C754
P1760,C1591
P1760,C1810
P1761,C1925
P1761,C1354
P1762,C1315
P1762,C366
P1763,C332
P1763,C24
P1764,C1759
P1765,C1555
P1766,C1225
P1767,C1610
P1767,C1775
P1767,C1728
P1768,C1593
P1769,C608
P1770,C1147
P1771,C1891
P1771,C410
P1771,C1700
P1771,C839
P1772,C807
P1773,C547
P1773,C1213
P1774,C1271
P1774,C943
P1775,C956
P1775,C540
P1775,C971
P1775,C616
P1775,C1762
P1776,C994
P1776,C885
P1777,C1735
P1778,C1023
P1778,C1073
P1779,C1741
P1779,C1154
P1779,C945
P1779,C117
P1779,C1564
P1780,C1447
P1780,C962
P1781,C303
P1781,C1516
P1781,C644
P1781,C1267
P1782,C1167
P1783,C252
P1784,C349
P1785,C813
P1785,C1261
P1785,C892
P1786,C1468
P1786,C1831
P1787,C1340
P1788,C539
P1788,C1926
P1789,C1093
P1789,C524
P1790,C37
P1791,C1474
P1791,C26
P1792,C1710
P1792,C426
P1793,C1568
P1793,C849
P1794,C1319
P1795,C1775
P1795,C1316
P1796,C560
P1797,C789
P1798,C1681
P1798,C815
P1798,C100
P1798,C723
P1799,C738
P1799,C566
P1800,C1439
P1800,C1792
P1801,C1247
P1801,C1537
P1802,C1031
P1803,C617
P1803,C1329
P1804,C1648
P1804,C531
P1804,C607
P1804,C7
P1804,C442
P1805,C54
P1806,C1487
P1806,C1746
P1807,C1656
P1807,C859
P1808,C821
P1808,C199
P1809,C962
P1809,C38
P1809,C800
P1809,C1347
P1810,C1871
P1810,C92
P1810,C1671
P1811,C940
P1812,C1537
P1812,C1005
P1812,C45
P1813,C1587
P1813,C910
P1813,C212
P1814,C927
P1814,C1915
P1815,C1465
P1816,C47
P1817,C359
P1817,C1073
P1818,C1526
P1818,C135
P1818,C395
P1818,C1649
P1819,C1707
P1820,C1872
P1820,C1768
P1820,C1793
P1821,C1135
P1821,C426
P1822,C773
P1822,C364
P1822,C524
P1823,C1682
P1824,C709
P1825,C1912
P1826,C369
P1827,C100
P1827,C507
P1828,C1226
P1829,C16
P1830,C830
P1830,C721
P1831,C582
P1831,C898
P1831,C1176
P1832,C1387
P1832,C862
P1832,C1358
P1832,C1056
P1832,C272
P1833,C1528
P1833,C755
P1833,C486
P1833,C1093
P1833,C1545
P1834,C1383
P1835,C881
P1836,C1554
P1837,C1491
P1838,C693
P1838,C1928
P1839,C1089
P1840,C673
P1841,C204
P1841,C705
P1842,C1026
P1843,C1673
P1844,C985
P1845,C716
P1846,C1073
P1847,C1976
P1847,C652
P1847,C933
P1847,C1527
P1847,C893
P1848,C955
P1848,C810
P1848,C677
P1848,C260
P1848,C1210
P1849,C54
P1849,C1367
P1849,C1279
P1850,C1664
P1851,C1617
P1851,C945
P1851,C683
P1852,C30
P1852,C537
P1852,C1650
P1852,C1330
P1852,C887
P1853,C590
P1854,C1355
P1854,C286
P1854,C1518
P1854,C1097
P1855,C921
P1855,C439
P1855,C1498
P1856,C435
P1857,C98
P1857,C1149
P1858,C756
P1859,C1845
P1860,C1335
P1860,C1997
P1860,C94
P1861,C520
P1862,C541
P1862,C835
P1862,C844
P1863,C778
P1863,C1529
P1864,C1571
P1865,C1413
P1865,C1040
P1866,C1071
P1867,C1049
P1868,C1032
P1869,C247
P1869,C1746
P1869,C56
P1869,C611
P1869,C1729
P1870,C144
P1871,C940
P1872,C1031
P1873,C752
P1873,C757
P1873,C124
P1873,C783
P1874,C1960
P1875,C456
P1876,C1930
P1876,C1365
P1877,C1255
P1877,C522
P1878,C1745
P1878,C1942
P1878,C932
P1878,C284
P1878,C23
P1878,C42
P1879,C683
P1880,C131
P1881,C1356
P1882,C1353
P1883,C372
P1884,C16
P1885,C610
P1886,C465
P1887,C1918
P1888,C897
P1888,C1140
P1888,C291
P1889,C1196
P1889,C1848
P1890,C1509
P1890,C1095
P1891,C476
P1892,C1616
P1892,C515
P1893,C823
P1893,C1214
P1894,C1065
P1895,C1259
P1896,C751
P1897,C999
P1897,C657
P1897,C320
P1897,C43
P1897,C55
P1897,C661
P1898,C786
P1899,C113
P1900,C729
P1901,C1329
P1901,C96
P1902,C1065
P1902,C1643
P1902,C549
P1902,C1128
P1902,C436
P1903,C1487
P1903,C435
P1904,C1153
P1904,C1897
P1905,C71
P1906,C1628
P1906,C1848
P1906,C347
P1906,C1298
P1907,C1159
P1907,C769
P1908,C57
P1909,C1966
P1910,C1770
P1911,C1375
P1912,C1970
P1912,C1507
P1912,C496
P1913,C1296
P1914,C1390
P1914,C390
P1914,C310
P1914,C1066
P1915,C951
P1916,C1959
P1916,C862
P1916,C1633
P1917,C112
P1917,C754
P1918,C1213
P1919,C605
P1920,C3
P1920,C175
P1920,C1952
P1921,C289
P1921,C48
P1922,C419
P1922,C627
P1922,C670
P1923,C1569
P1923,C636
P1923,C1012
P1923,C1834
P1923,C1023
P1923,C288
P1924,C1457
P1924,C1196
P1924,C872
P1925,C720
P1926,C1742
P1927,C1602
P1928,C1151
P1928,C453
P1928,C1740
P1928,C969
P1928,C106
P1928,C1178
P1928,C608
P1928,C907
P1929,C1772
P1930,C419
P1931,C835
P1931,C65
P1932,C1912
P1932,C1800
P1932,C1575
P1932,C344
P1932,C631
P1933,C1207
P1934,C1445
P1935,C1567
P1935,C1503
P1935,C142
P1936,C1916
P1937,C298
P1938,C1378
P1938,C479
P1939,C1715
P1940,C162
P1940,C1401
P1940,C467
P1941,C1459
P1942,C1595
P1943,C1452
P1944,C1169
P1944,C1538
P1944,C1561
P1944,C149
P1944,C1831
P1944,C615
P1944,C1155
P1944,C1319
P1945,C1744
P1946,C1465
P1947,C1121
P1948,C735
P1948,C1421
P1948,C870
P1949,C289
P1950,C770
P1950,C1695
P1950,C1574
P1950,C1322
P1951,C1
P1952,C940
P1953,C965
P1953,C1114
P1954,C351
P1955,C1187
P1956,C749
P1957,C732
P1958,C1885
P1959,C291
P1960,C1359
P1960,C994
P1960,C554
P1960,C844
P1960,C497
P1960,C537
P1960,C1657
P1960,C889
P1961,C209
P1961,C746
P1962,C244
P1963,C1918
P1963,C510
P1963,C1107
P1963,C1796
P1964,C1524
P1965,C158
P1966,C407
P1966,C580
P1966,C1042
P1967,C1698
P1968,C359
P1968,C1241
P1969,C643
P1969,C1751
P1970,C1830
P1971,C173
P1972,C1374
P1973,C1237
P1974,C105
P1975,C1848
P1975,C378
P1975,C1639
P1975,C464
P1975,C1166
P1976,C314
P1977,C347
P1978,C1267
P1978,C1588
P1979,C986
P1979,C1466
P1979,C28
P1980,C782
P1980,C1233
P1980,C1062
P1981,C1318
P1982,C941
P1982,C1107
P1983,C1443
P1984,C1062
P1985,C1900
P1986,C13
P1987,C1057
P1988,C1241
P1988,C843
P1989,C1788
P1990,C635
P1991,C1026
P1991,C813
P1991,C1457
P1991,C1121
P1992,C284
P1993,C1920
P1993,C340
P1993,C119
P1994,C622
P1995,C1126
P1995,C616
P1995,C1700
P1996,C1509
P1996,C53
P1996,C1136
P1996,C1115
P1997,C1853
P1998,C935
P1999,C1298
P1999,C1597
P1999,C1230
P2000,C409
P2001,C1190
P2001,C425
P2001,C455
P2001,C1318
P2001,C541
P2002,C1841
P2002,C1404
P2003,C127
P2004,C952
P2005,C435
P2006,C1415
P2006,C358
P2006,C1515
P2006,C1958
P2006,C417
P2007,C1688
P2008,C247
P2009,C989
P2009,C598
P2009,C1648
P2010,C1279
P2010,C797
P2010,C1685
P2011,C1525
P2011,C260
P2012,C1955
P2013,C1821
P2014,C818
P2014,C1317
P2014,C1665
P2015,C1483
P2016,C698
P2017,C1634
P2017,C373
P2018,C1617
P2018,C1706
P2019,C1972
P2019,C300
P2019,C1289
P2019,C516
P2019,C512
P2019,C203
P2020,C1872
P2021,C908
P2022,C408
P2022,C1587
P2023,C896
P2023,C1993
P2023,C1415
P2024,C851
P2025,C778
P2026,C1022
P2027,C1795
P2027,C59
P2027,C1520
P2028,C1866
P2029,C337
P2030,C196
P2030,C772
P2030,C802
P2030,C553
P2031,C1914
P2031,C393
P2032,C10
P2032,C529
P2033,C679
P2034,C447
P2034,C1860
P2035,C442
P2035,C995
P2035,C709
P2036,C864
P2037,C1535
P2038,C379
P2038,C1017
P2038,C1946
P2039,C402
P2040,C874
P2041,C388
P2042,C614
P2042,C1470
P2043,C1185
P2044,C1861
P2044,C1947
P2045,C1768
P2046,C1330
P2047,C520
P2048,C839
P2049,C1598
P2050,C25
P2050,C989
P2050,C935
P2050,C108
P2051,C1524
P2052,C1787
P2053,C1390
P2054,C345
P2055,C1979
P2055,C34
P2056,C370
P2057,C128
P2058,C1837
P2059,C1839
P2060,C77
P2061,C592
P2062,C844
P2062,C828
P2062,C1889
P2062,C652
P2062,C750
P2062,C1122
P2062,C1486
P2063,C495
P2064,C838
P2065,C1872
P2065,C1034
P2065,C104
P2065,C1083
P2065,C1082
P2066,C742
P2067,C602
P2068,C1895
P2069,C219
P2070,C569
P2071,C1854
P2071,C80
P2072,C1616
P2072,C1902
P2072,C749
P2072,C833
P2072,C1650
P2073,C709
P2073,C963
P2073,C1505
P2074,C1281
P2075,C99
P2075,C874
P2076,C563
P2077,C531
P2078,C383
P2079,C1516
P2080,C106
P2080,C692
P2081,C235
P2081,C911
P2082,C333
P2082,C615
P2082,C1999
P2083,C1037
P2084,C1642
P2085,C1070
P2086,C1841
P2087,C1589
P2088,C777
P2089,C1650
P2090,C1057
P2091,C865
P2091,C886
P2092,C513
P2092,C783
P2093,C978
P2093,C1836
P2093,C1849
P2094,C767
P2094,C441
P2095,C1351
P2095,C495
P2095,C329
P2096,C948
P2096,C751
P2096,C1050
P2097,C1661
P2097,C1636
P2097,C578
P2097,C1986
P2098,C354
P2099,C1
P2099,C1566
P2099,C556
P2099,C645
P2100,C1980
P2100,C1330
P2101,C700
P2101,C370
P2102,C1800
P2103,C570
P2104,C911
P2105,C8
P2106,C650
P2106,C428
P2107,C1133
P2108,C1701
P2108,C789
P2109,C1699
P2109,C818
P2110,C824
P2111,C545
P2112,C1764
P2113,C734
P2114,C1324
P2115,C14
P2116,C299
P2116,C1264
P2117,C1365
P2117,C114
P2118,C1406
P2119,C1162
P2120,C244
P2121,C354
P2122,C59
P2123,C1391
P2124,C1126
P2125,C584
P2126,C649
P2127,C1580
P2128,C1709
P2129,C36
P2130,C306
P2130,C719
P2131,C1820
P2132,C1966
P2133,C106
P2133,C1575
P2134,C293
P2135,C63
P2136,C1171
P2136,C1733
P2136,C314
P2136,C316
P2136,C770
P2137,C1628
P2137,C1236
P2137,C439
P2137,C1832
P2138,C875
P2139,C1532
P2139,C1374
P2139,C806
P2140,C645
P2141,C338
P2142,C1220
P2143,C802
P2143,C1966
P2143,C131
P2144,C1831
P2145,C1548
P2146,C1538
P2147,C136
P2148,C1711
P2148,C1317
P2149,C1354
P2150,C244
P2150,C1995
P2150,C87
P2151,C1827
P2152,C183
P2153,C454
P2154,C21
P2155,C278
P2155,C1797
P2156,C41
P2156,C80
P2157,C652
P2157,C1000
P2158,C1116
P2159,C292
P2160,C937
P2160,C1890
P2161,C150
P2161,C1867
P2161,C1733
P2162,C367
P2163,C382
P2164,C132
P2165,C1283
P2166,C338
P2166,C1346
P2167,C594
P2168,C1978
P2169,C1387
P2170,C412
P2171,C957
P2172,C828
P2173,C213
P2174,C1231
P2174,C991
P2175,C59
P2176,C597
P2176,C549
P2177,C80
P2177,C981
P2177,C1557
P2177,C1509
P2177,C1191
P2178,C465
P2179,C468
P2179,C776
P2180,C1014
P2180,C1342
P2180,C1391
P2181,C1929
P2181,C1458
P2181,C1161
P2182,C1798
P2183,C1966
P2183,C1448
P2184,C512
P2184,C1895
P2185,C1463
P2185,C1631
P2186,C707
P2187,C763
P2188,C369
P2189,C536
P2189,C1295
P2189,C1475
P2189,C1499
P2190,C248
P2191,C905
P2192,C782
P2193,C1146
P2193,C1217
P2194,C306
P2195,C1739
P2196,C230
P2196,C1233
P2197,C361
P2197,C130
P2198,C1984
P2199,C929
P2200,C1203
P2200,C1130
P2201,C423
P2201,C625
P2201,C1995
P2201,C1416
P2202,C295
P2203,C401
P2203,C1360
P2203,C1236
P2204,C1475
P2205,C359
P2206,C563
P2207,C501
P2207,C897
P2208,C459
P2209,C1297
P2209,C643
P2209,C458
P2210,C1484
P2210,C1066
P2210,C1863
P2210,C336
P2210,C665
P2211,C291
P2212,C61
P2213,C436
P2214,C543
P2214,C1209
P2215,C1251
P2216,C913
P2217,C790
P2218,C898
P2218,C788
P2219,C367
P2219,C794
P2220,C1864
P2220,C1346
P2221,C986
P2221,C204
P2222,C349
P2222,C1609
P2222,C1309
P2222,C310
P2222,C1461
P2223,C516
P2223,C1632
P2223,C1674
P2224,C1751
P2224,C447
P2224,C837
P2224,C1514
P2225,C14
P2225,C555
P2225,C434
P2225,C1096
P2226,C354
P2227,C473
P2227,C334
P2227,C553
P2228,C1664
P2229,C1714
P2229,C1899
P2229,C1832
P2230,C1744
P2231,C191
P2232,C1848
P2232,C306
P2233,C205
P2233,C1298
P2234,C644
P2234,C1600
P2235,C815
P2236,C659
P2237,C491
P2237,C1403
P2237,C1589
P2237,C454
P2238,C165
P2239,C1489
P2240,C628
P2241,C778
P2241,C1761
P2241,C123
P2241,C1850
P2242,C539
P2243,C254
P2244,C1624
P2244,C439
P2245,C22
P2246,C411
P2246,C695
P2247,C189
P2247,C762
P2248,C1801
P2249,C1391
P2250,C1864
P2251,C1181
P2251,C931
P2252,C1938
P2253,C1382
P2253,C1994
P2253,C1971
P2254,C1971
P2255,C1450
P2255,C929
P2255,C1710
P2255,C200
P2256,C1941
P2256,C550
P2257,C1617
P2258,C1301
P2259,C1642
P2260,C1171
P2260,C658
P2261,C1740
P2262,C1194
P2263,C1547
P2263,C1685
P2264,C859
P2264,C1613
P2265,C323
P2265,C1083
P2266,C96
P2267,C910
P2268,C1661
P2268,C1004
P2268,C1341
P2268,C67
P2268,C696
P2268,C1155
P2268,C508
P2269,C940
P2269,C1882
P2269,C802
P2269,C1692
P2270,C1989
P2271,C66
P2272,C997
P2273,C126
P2273,C178
P2274,C1269
P2275,C571
P2276,C95
P2277,C689
P2277,C1851
P2277,C989
P2278,C521
P2279,C218
P2279,C356
P2279,C1141
P2280,C295
P2280,C1853
P2281,C1599
P2281,C979
P2282,C1779
P2283,C1717
P2283,C427
P2284,C1675
P2284,C1618
P2284,C1673
P2284,C1406
P2285,C1934
P2285,C518
P2285,C19
P2286,C1980
P2287,C736
P2287,C749
P2288,C1328
P2288,C1996
P2288,C1890
P2288,C1334
P2289,C718
P2290,C1698
P2290,C916
P2291,C513
P2292,C1323
P2293,C1619
P2294,C1996
P2295,C271
P2296,C1028
P2297,C1621
P2298,C423
P2298,C917
P2298,C1764
P2299,C105
P2299,C637
P2299,C1701
P2300,C382
P2301,C427
P2301,C997
P2302,C596
P2303,C7
P2303,C1574
P2304,C613
P2305,C172
P2306,C455
P2307,C1249
P2308,C1202
P2309,C52
P2309,C819
P2310,C327
P2311,C1725
P2312,C1336
P2313,C1515
P2314,C1025
P2315,C1641
P2316,C1875
P2316,C1731
P2316,C723
P2316,C225
P2317,C1798
P2317,C1878
P2317,C1610
P2318,C1580
P2319,C283
P2319,C207
P2320,C852
P2320,C1881
P2320,C842
P2320,C1805
P2321,C997
P2321,C318
P2322,C319
P2322,C236
P2322,C59
P2323,C313
P2323,C1428
P2324,C711
P2324,C1980
P2324,C1787
P2324,C51
P2325,C1452
P2326,C248
P2327,C72
P2327,C1176
P2327,C63
P2327,C563
P2327,C180
P2327,C11
P2328,C638
P2329,C1014
P2330,C756
P2331,C739
P2332,C425
P2332,C1367
P2332,C42
P2333,C655
P2333,C687
P2334,C247
P2335,C1860
P2336,C502
P2337,C669
P2337,C155
P2337,C1761
P2338,C1244
P2338,C906
P2339,C267
P2339,C1439
P2339,C77
P2340,C1020
P2340,C153
P2341,C773
P2342,C1421
P2343,C1649
P2343,C1464
P2344,C1575
P2344,C1665
P2344,C438
P2344,C1968
P2344,C1802
P2344,C1147
P2344,C608
P2345,C1921
P2346,C1890
P2346,C1765
P2346,C1075
P2347,C1313
P2347,C1742
P2348,C831
P2349,C574
P2349,C1344
P2349,C971
P2349,C408
P2349,C1452
P2349,C1232
P2350,C1170
P2350,C980
P2351,C1462
P2352,C711
P2353,C21
P2354,C60
P2354,C157
P2355,C1141
P2356,C1409
P2356,C1507
P2357,C1028
P2357,C833
P2357,C1741
P2358,C986
P2359,C1445
P2359,C446
P2360,C101
P2360,C1636
P2361,C1034
P2361,C332
P2361,C995
P2361,C186
P2361,C1343
P2361,C979
P2362,C231
P2363,C1962
P2363,C121
P2364,C923
P2364,C603
P2365,C1481
P2365,C1402
P2366,C85
P2367,C824
P2368,C1373
P2368,C991
P2369,C261
P2369,C1804
P2369,C535
P2370,C525
P2371,C703
P2372,C1725
P2373,C503
P2373,C1886
P2374,C1653
P2374,C1238
P2374,C623
P2375,C1496
P2375,C1290
P2375,C1203
P2375,C1902
P2376,C1417
P2377,C695
P2378,C1125
P2378,C398
P2378,C1117
P2378,C1531
P2379,C1513
P2380,C131
P2381,C451
P2382,C816
P2383,C1455
P2384,C1756
P2384,C1730
P2384,C887
P2385,C499
P2386,C1911
P2387,C1349
P2387,C1712
P2388,C1366
P2389,C1125
P2390,C1097
P2390,C1282
P2391,C1869
P2392,C414
P2393,C1749
P2393,C1389
P2393,C1149
P2393,C225
P2393,C1067
P2394,C370
P2395,C381
P2396,C987
P2396,C351
P2397,C1497
P2397,C814
P2398,C1854
P2398,C1710
P2398,C260
P2399,C228
P2400,C287
P2400,C970
P2401,C320
P2402,C570
P2402,C996
P2403,C127
P2404,C797
P2405,C766
P2405,C206
P2406,C1629
P2406,C490
P2406,C332
P2407,C21
P2408,C830
P2408,C544
P2408,C236
P2409,C567
P2409,C1672
P2409,C387
P2410,C714
P2410,C1006
P2410,C655
P2411,C1902
P2411,C919
P2411,C450
P2412,C26
P2413,C1559
P2413,C1515
P2414,C831
P2415,C1484
P2416,C674
P2417,C1936
P2418,C104
P2418,C218
P2419,C143
P2419,C160
P2420,C37
P2421,C1134
P2421,C431
P2422,C1264
P2422,C1343
P2423,C1586
P2423,C504
P2424,C345
P2425,C711
P2425,C1786
P2426,C557
P2427,C1410
P2428,C1152
P2429,C1717
P2430,C430
P2431,C467
P2432,C1196
P2433,C1504
P2433,C713
P2434,C493
P2435,C1745
P2436,C807
P2437,C419
P2437,C1755
P2438,C969
P2439,C1313
P2440,C385
P2440,C754
P2440,C1273
P2441,C1740
P2442,C792
P2443,C1259
P2443,C353
P2443,C1380
P2443,C1908
P2444,C1411
P2444,C1232
P2445,C1756
P2446,C159
P2447,C1073
P2448,C222
P2449,C1291
P2449,C878
P2449,C14
P2449,C964
P2450,C1959
P2451,C1198
P2451,C22
P2452,C1316
P2452,C814
P2453,C116
P2454,C1232
P2454,C1322
P2455,C464
P2456,C114
P2456,C1804
P2457,C961
P2457,C514
P2458,C1772
P2459,C35
P2459,C133
P2459,C1303
P2459,C1647
P2460,C963
P2460,C96
P2460,C1992
P2460,C1194
P2461,C318
P2461,C257
P2461,C1662
P2462,C814
P2463,C299
P2463,C1538
P2463,C573
P2463,C1668
P2463,C1080
P2464,C514
P2465,C1132
P2465,C1878
P2465,C1014
P2465,C1168
P2465,C1909
P2465,C1069
P2465,C1319
P2466,C1398
P2467,C752
P2467,C671
P2468,C1945
P2468,C152
P2469,C1113
P2469,C875
P2469,C1513
P2470,C1863
P2470,C217
P2471,C1180
P2471,C902
P2471,C1233
P2471,C203
P2472,C1647
P2473,C85
P2473,C367
P2474,C1758
P2475,C1519
P2476,C1318
P2477,C253
P2477,C847
P2477,C1123
P2477,C894
P2478,C1775
P2479,C1352
P2479,C1698
P2479,C1969
P2479,C160
P2479,C1952
P2480,C1198
P2481,C1132
P2481,C1939
P2481,C1107
P2482,C674
P2483,C572
P2484,C1266
P2484,C339
P2484,C867
P2485,C193
P2486,C1047
P2487,C820
P2487,C1151
P2487,C1333
P2487,C484
P2488,C55
P2489,C1306
P2489,C1147
P2489,C342
P2489,C1274
P2489,C783
P2490,C37
P2491,C1050
P2492,C645
P2493,C1912
P2494,C1219
P2495,C136
P2496,C996
P2497,C1556
P2497,C948
P2497,C1836
P2497,C825
P2497,C1022
P2497,C969
P2497,C875
P2498,C1968
P2498,C951
P2499,C1638
P2500,C1004
P2500,C829
P2501,C1064
P2502,C7
P2503,C399
P2504,C448
P2504,C1987
P2505,C568
P2506,C1238
P2507,C1637
P2508,C1809
P2509,C476
P2509,C1920
P2510,C708
P2510,C1595
P2510,C361
P2511,C137
P2512,C229
P2513,C319
P2513,C435
P2514,C1272
P2515,C1209
P2516,C1730
P2516,C149
P2516,C830
P2516,C22
P2516,C144
P2517,C1551
P2517,C1196
P2518,C570
P2519,C1091
P2519,C1948
P2520,C437
P2520,C1755
P2521,C1164
P2522,C1438
P2523,C1536
P2524,C1784
P2525,C355
P2525,C1436
P2525,C1011
P2526,C1290
P2527,C1284
P2527,C476
P2527,C1890
P2528,C1422
P2529,C345
P2530,C669
P2530,C1482
P2530,C1325
P2531,C239
P2532,C65
P2533,C542
P2533,C1024
P2534,C1883
P2535,C1443
P2535,C711
P2536,C1080
P2536,C1956
P2536,C1968
P2537,C1230
P2537,C1911
P2537,C1161
P2538,C593
P2539,C824
P2540,C95
P2541,C1129
P2541,C1973
P2541,C1675
P2542,C1355
P2542,C114
P2543,C1762
P2544,C1007
P2545,C144
P2546,C441
P2546,C800
P2546,C231
P2547,C593
P2547,C973
P2548,C1191
P2548,C946
P2549,C1210
P2550,C723
P2551,C1996
P2552,C909
P2552,C493
P2553,C651
P2554,C1787
P2555,C1355
P2555,C136
P2556,C1033
P2556,C1882
P2557,C0
P2558,C467
P2559,C1286
P2559,C746
P2559,C1258
P2560,C1844
P2561,C393
P2562,C1210
P2563,C1836
P2564,C834
P2564,C599
P2565,C1493
P2565,C1543
P2565,C813
P2566,C1575
P2567,C730
P2568,C1494
P2568,C1450
P2569,C430
P2570,C241
P2571,C461
P2572,C1814
P2572,C1965
P2573,C289
P2574,C2
P2574,C878
P2575,C1834
P2576,C1315
P2576,C977
P2577,C1529
P2578,C151
P2579,C203
P2579,C775
P2579,C1024
P2580,C1017
P2581,C1914
P2581,C364
P2582,C1108
P2582,C900
P2583,C1532
P2584,C1287
P2585,C11
P2586,C1099
P2587,C197
P2587,C1279
P2588,C1828
P2588,C702
P2588,C1190
P2589,C846
P2590,C1732
P2590,C407
P2590,C900
P2591,C1689
P2592,C793
P2593,C515
P2593,C1006
P2594,C1430
P2594,C1210
P2594,C725
P2595,C680
P2596,C632
P2596,C356
P2597,C1440
P2598,C982
P2598,C1180
P2599,C1578
P2599,C945
P2599,C1399
P2599,C801
P2600,C1104
P2601,C1075
P2601,C53
P2601,C1364
P2601,C1073
P2602,C360
P2602,C878
P2602,C270
P2603,C550
P2604,C1102
P2605,C609
P2606,C260
P2606,C666
P2606,C1885
P2606,C1904
P2606,C321
P2607,C1673
P2608,C1341
P2608,C674
P2609,C1567
P2609,C935
P2609,C1244
P2610,C1033
P2610,C659
P2610,C323
P2610,C525
P2610,C359
P2610,C1496
P2610,C55
P2611,C845
P2611,C1942
P2612,C1154
P2612,C463
P2612,C992
P2612,C609
P2612,C1394
P2613,C1107
P2613,C1865
P2613,C520
P2614,C1771
P2614,C1488
P2615,C160
P2616,C1710
P2617,C1638
P2617,C1963
P2617,C616
P2618,C943
P2619,C283
P2619,C1570
P2620,C1862
P2621,C1864
P2621,C593
P2621,C1350
P2622,C1719
P2623,C355
P2623,C1966
P2623,C395
P2623,C908
P2624,C212
P2624,C1325
P2625,C1829
P2625,C886
P2626,C215
P2627,C1956
P2627,C955
P2628,C1134
P2629,C1017
P2630,C1922
P2631,C1183
P2632,C526
P2632,C1751
P2633,C160
P2633,C1583
P2634,C91
P2634,C767
P2635,C1636
P2636,C576
P2636,C952
P2636,C1459
P2637,C330
P2638,C1518
P2639,C105
P2640,C1698
P2640,C79
P2641,C143
P2642,C1732
P2642,C1543
P2642,C672
P2643,C724
P2644,C273
P2645,C1574
P2646,C244
P2646,C539
P2647,C294
P2647,C1428
P2648,C1151
P2649,C644
P2650,C1724
P2651,C815
P2651,C1197
P2651,C37
P2652,C1995
P2653,C601
P2653,C1341
P2653,C965
P2654,C1339
P2654,C752
P2655,C376
P2655,C919
P2656,C635
P2657,C476
P2658,C552
P2659,C382
P2659,C1922
P2660,C1088
P2661,C489
P2661,C265
P2662,C296
P2662,C127
P2662,C1015
P2663,C211
P2664,C1457
P2664,C830
P2664,C1891
P2665,C932
P2665,C1201
P2666,C1798
P2666,C73
P2667,C263
P2668,C1307
P2668,C1785
P2669,C1167
P2669,C1020
P2669,C1496
P2669,C12
P2670,C1714
P2671,C1575
P2671,C1074
P2671,C1204
P2672,C1772
P2672,C892
P2673,C812
P2674,C459
P2675,C284
P2675,C450
P2676,C1641
P2677,C685
P2677,C226
P2678,C1963
P2679,C44
P2680,C461
P2681,C1616
P2681,C53
P2681,C1340
P2682,C270
P2682,C1491
P2683,C1434
P2684,C1266
P2684,C1740
P2684,C255
P2684,C1562
P2685,C393
P2686,C713
P2687,C1110
P2688,C375
P2688,C624
P2689,C348
P2690,C322
P2691,C1216
P2691,C206
P2691,C1851
P2692,C570
P2692,C374
P2693,C175
P2694,C1792
P2695,C1832
P2696,C399
P2697,C412
P2698,C1081
P2698,C1862
P2698,C1866
P2698,C1952
P2699,C1878
P2700,C1621
P2701,C730
P2702,C1930
P2703,C841
P2703,C95
P2704,C218
P2705,C384
P2706,C945
P2707,C1796
P2707,C1408
P2707,C1902
P2707,C414
P2708,C611
P2708,C993
P2708,C1495
P2709,C1095
P2710,C848
P2711,C534
P2711,C714
P2711,C1522
P2712,C886
P2712,C491
P2713,C931
P2714,C1416
P2715,C1355
P2715,C210
P2716,C984
P2717,C1676
P2717,C742
P2718,C1371
P2719,C124
P2720,C1361
P2720,C1792
P2720,C292
P2721,C674
P2721,C1382
P2721,C1159
P2721,C364
P2721,C1448
P2722,C1340
P2722,C278
P2722,C1073
P2722,C992
P2723,C634
P2723,C1597
P2724,C1231
P2725,C607
P2726,C1561
P2726,C432
P2726,C769
P2726,C877
P2726,C428
P2726,C204
P2727,C890
P2728,C1603
P2729,C113
P2730,C1465
P2731,C177
P2731,C1194
P2732,C1988
P2733,C123
P2733,C1465
P2734,C1843
P2735,C1253
P2736,C1211
P2736,C580
P2736,C818
P2736,C1506
P2737,C1688
P2737,C376
P2738,C1171
P2738,C1883
P2738,C1544
P2739,C1318
P2739,C1524
P2740,C617
P2740,C1133
P2741,C191
P2741,C1436
P2742,C1091
P2742,C145
P2742,C556
P2742,C893
P2743,C1602
P2744,C1753
P2745,C120
P2745,C1035
P2746,C1147
P2747,C414
P2748,C809
P2748,C1560
P2749,C1068
P2749,C1257
P2750,C1953
P2751,C1528
P2752,C329
P2752,C313
P2753,C1942
P2754,C599
P2754,C318
P2754,C1055
P2754,C86
P2755,C1387
P2756,C1683
P2757,C1082
P2757,C766
P2758,C295
P2758,C860
P2758,C549
P2759,C825
P2760,C443
P2761,C350
P2762,C1407
P2763,C635
P2764,C927
P2765,C750
P2766,C1772
P2766,C1069
P2767,C904
P2767,C1684
P2767,C990
P2768,C1823
P2769,C306
P2769,C1328
P2770,C248
P2770,C715
P2771,C3
P2772,C1262
P2773,C538
P2774,C1445
P2774,C1489
P2775,C1571
P2775,C940
P2776,C1606
P2777,C1711
P2777,C895
P2778,C364
P2778,C90
P2778,C1256
P2779,C856
P2780,C1163
P2781,C168
P2781,C1964
P2782,C373
P2783,C1009
P2784,C1286
P2785,C1609
P2785,C752
P2786,C117
P2786,C1658
P2787,C899
P2787,C262
P2787,C1981
P2788,C1472
P2788,C1774
P2788,C958
P2788,C1053
P2789,C1308
P2790,C1603
P2791,C1296
P2792,C1670
P2793,C1839
P2794,C480
P2795,C1326
P2796,C1234
P2797,C1171
P2798,C1613
P2798,C646
P2798,C1313
P2798,C1082
P2799,C1523
P2800,C1360
P2800,C1824
P2800,C1025
P2801,C1732
P2802,C890
P2803,C315
P2804,C1550
P2804,C1431
P2805,C1510
P2805,C756
P2805,C1526
P2806,C822
P2807,C574
P2808,C314
P2809,C1051
P2810,C210
P2810,C1381
P2810,C868
P2810,C1444
P2810,C787
P2811,C968
P2812,C930
P2813,C1427
P2814,C1206
P2815,C1012
P2816,C1768
P2817,C646
P2817,C721
P2818,C1862
P2819,C1721
P2820,C624
P2821,C1903
P2822,C586
P2823,C686
P2824,C126
P2825,C1589
P2826,C1982
P2826,C1651
P2827,C204
P2827,C1649
P2827,C1822
P2828,C1817
P2828,C436
P2829,C1266
P2829,C803
P2830,C938
P2831,C1097
P2832,C1959
P2833,C1162
P2833,C1742
P2834,C1892
P2834,C1845
P2834,C256
P2834,C807
P2834,C987
P2835,C365
P2835,C1541
P2836,C967
P2837,C819
P2837,C495
P2838,C199
P2839,C1126
P2840,C144
P2841,C239
P2842,C1984
P2842,C694
P2842,C1262
P2843,C589
P2844,C782
P2844,C1275
P2845,C323
P2845,C1795
P2846,C700
P2846,C1160
P2846,C1522
P2847,C838
P2848,C689
P2849,C1004
P2849,C1377
P2850,C1160
P2850,C1839
P2850,C207
P2850,C1386
P2851,C1919
P2852,C1097
P2853,C1464
P2854,C1898
P2855,C1502
P2856,C754
P2857,C195
P2857,C1115
P2857,C30
P2857,C1995
P2858,C1860
P2859,C1711
P2860,C592
P2860,C1276
P2860,C1625
P2861,C889
P2861,C338
P2861,C988
P2861,C927
P2862,C1382
P2863,C480
P2864,C1486
P2865,C1973
P2866,C936
P2866,C182
P2866,C178
P2866,C256
P2866,C225
P2866,C1118
P2867,C424
P2867,C412
P2868,C1960
P2869,C61
P2869,C684
P2870,C1488
P2870,C1523
P2871,C303
P2872,C1046
P2872,C393
P2872,C167
P2872,C102
P2873,C823
P2874,C192
P2875,C1697
P2876,C1623
P2877,C1398
P2877,C745
P2877,C1303
P2878,C1921
P2878,C321
P2879,C1898
P2879,C1648
P2879,C242
P2879,C548
P2879,C211
P2880,C1069
P2880,C614
P2881,C1551
P2882,C158
P2883,C1067
P2884,C566
P2884,C1332
P2884,C1102
P2885,C1034
P2885,C706
P2886,C334
P2887,C1598
P2888,C1945
P2889,C442
P2889,C1978
P2890,C614
P2890,C1765
P2890,C1403
P2890,C1473
P2891,C800
P2891,C914
P2892,C1847
P2892,C1505
P2892,C1242
P2893,C1074
P2894,C427
P2895,C1050
P2895,C1397
P2896,C1529
P2896,C1593
P2896,C1573
P2897,C712
P2898,C974
P2899,C1704
P2900,C494
P2901,C1141
P2902,C317
P2902,C662
P2903,C428
P2904,C1507
P2905,C489
P2906,C1173
P2907,C1283
P2908,C1687
P2909,C1440
P2909,C148
P2910,C629
P2911,C1862
P2911,C205
P2912,C906
P2912,C636
P2912,C453
P2912,C686
P2913,C1122
P2914,C1450
P2915,C1558
P2916,C1568
P2917,C1994
P2918,C1509
P2919,C986
P2919,C1705
P2919,C395
P2920,C1617
P2921,C59
P2921,C1716
P2922,C660
P2922,C1296
P2923,C948
P2923,C1588
P2924,C648
P2924,C1314
P2924,C153
P2925,C1385
P2926,C1824
P2926,C1092
P2926,C1675
P2927,C925
P2927,C497
P2927,C1355
P2928,C847
P2929,C1060
P2929,C817
P2929,C1465
P2930,C579
P2931,C69
P2931,C87
P2932,C320
P2933,C1663
P2934,C909
P2934,C772
P2935,C1338
P2935,C745
P2936,C954
P2937,C209
P2938,C310
P2938,C1365
P2938,C1911
P2939,C1070
P2940,C641
P2941,C386
P2942,C1667
P2943,C1299
P2944,C967
P2945,C1253
P2946,C774
P2946,C1229
P2946,C92
P2947,C1779
P2947,C1883
P2947,C727
P2947,C94
P2947,C1372
P2947,C554
P2948,C32
P2949,C366
P2949,C537
P2949,C1320
P2949,C592
P2949,C1490
P2950,C817
P2951,C1258
P2951,C1443
P2952,C84
P2952,C1803
P2953,C756
P2954,C1796
P2954,C668
P2954,C1389
P2954,C756
P2955,C498
P2955,C1999
P2956,C1644
P2957,C1131
P2957,C476
P2957,C1699
P2957,C1558
P2957,C249
P2957,C1231
P2957,C1016
P2958,C415
P2958,C1515
P2958,C1659
P2958,C1578
P2959,C1579
P2959,C76
P2960,C959
P2961,C1957
P2962,C203
P2963,C1159
P2963,C1022
P2963,C1816
P2964,C611
P2964,C1128
P2964,C261
P2965,C1075
P2965,C59
P2965,C593
P2966,C668
P2967,C1524
P2967,C1525
P2967,C394
P2968,C1285
P2968,C1465
P2968,C482
P2969,C722
P2969,C262
P2969,C520
P2970,C1644
P2970,C162
P2971,C753
P2972,C1182
P2972,C1076
P2973,C630
P2974,C1107
P2975,C1738
P2975,C285
P2976,C1198
P2977,C1894
P2977,C248
P2978,C1839
P2978,C526
P2979,C543
P2979,C1759
P2979,C1400
P2980,C1060
P2980,C151
P2980,C770
P2980,C1692
P2981,C138
P2982,C1862
P2983,C402
P2983,C1504
P2984,C1584
P2985,C527
P2986,C748
P2987,C936
P2987,C1893
P2987,C1298
P2987,C1803
P2988,C327
P2989,C1992
P2989,C1611
P2990,C531
P2990,C1044
P2990,C476
P2991,C1191
P2992,C1240
P2993,C1105
P2993,C1665
P2994,C283
P2994,C1841
P2995,C519
P2996,C1031
P2996,C1415
P2996,C335
P2997,C245
P2998,C1622
P2999,C466
P937,C1080
P1292,C688
P937,C1202
P992,C199
P975,C667
P505,C212
P2893,C839
P1631,C1493
P2893,C146
P338,C567
P779,C989
P757,C1871
P1631,C773
P1364,C807
P2802,C1541
P937,C1591
P492,C356
P2960,C1014
P528,C1256
P505,C1151
P2191,C1739
P923,C17
P250,C230
P707,C687
P975,C83
P2802,C679
P992,C86
P2092,C1625
P478,C573
P1350,C634
P820,C1182
P129,C3
P1631,C1657
P2802,C1468
P303,C46
P2036,C1984
P528,C359
P1361,C604
P2857,C1575
P163,C368
P2220,C84
P2498,C397
P539,C1418
P2909,C625
P2062,C924
P528,C49
P2147,C1485
P2092,C1150
P655,C1392
P303,C1008
P2730,C524
P2802,C1404
P804,C1443
P992,C968
P539,C614
P992,C1055
P2147,C1502
P1631,C1676
P2220,C1298
P528,C606
P1350,C1063
P179,C878
P539,C759
P655,C734
P2199,C1062
P815,C1176
P2062,C1617
P492,C1791
P2220,C426
P707,C205
P520,C308
P179,C1812
P42,C920
P2730,C678
P505,C482
P2092,C1720
P1631,C1844
P856,C1508
P733,C669
P1669,C951
P1292,C765
P1285,C1552
P2596,C1225
P2596,C1961
P2716,C1349
P2909,C170
P505,C1370
P815,C296
P1631,C1543
P1361,C1185
P2857,C629
P937,C1300
P1015,C286
P856,C130
P923,C628
P163,C971
P856,C1892
P856,C1540
P2730,C1472
P2147,C1839
P1893,C105
P1361,C1156
P2062,C1238
P2797,C1808
P1350,C197
P2802,C642
P250,C1093
P820,C786
P129,C1601
P129,C731
P707,C1489
P1446,C609
P250,C835
P2199,C142
P2596,C701
P1350,C653
P2220,C554
P2797,C123
P179,C1275
P923,C361
